round,accuracy,detection_rate,false_positive_rate,train_loss
1,0.9601414664381813,0.9135263157894736,0.006701191738940538,
