round,accuracy,detection_rate,false_positive_rate,train_loss
1,0.9575381922922668,0.9075263157894737,0.006888375865726586,
