round,accuracy,detection_rate,false_positive_rate,train_loss
1,0.9702213179945071,0.891220425475512,0.00026614757573600634,
