round,accuracy,detection_rate,false_positive_rate,train_loss
1,0.9703069342399643,0.8918334548346477,0.00037755818883479975,
