round,accuracy,detection_rate,false_positive_rate,train_loss
1,0.9541531085650743,0.8932660515388313,4.5255057535572565e-05,0.07585904430591066
2,0.9560489641154648,0.8990096594375877,0.00012780574523309365,0.07029885392688087
3,0.9576896083417644,0.9023313161969186,0.0002152370453865286,0.0696075072646684
4,0.9581818016096544,0.9031556891494092,0.0002911643537445247,0.06885584129119533
5,0.9591844175257263,0.9061929113250204,0.001126127496754266,0.0685647791717457
6,0.9583458660322842,0.9033783706900285,0.00020971792424086147,0.06831515684038503
7,0.9593120231877716,0.9056539229609588,0.00035720525822491593,0.06854769691116201
8,0.9589747796523657,0.904605005224582,0.0003317295856170396,0.06883827592723454
