round,accuracy,detection_rate,false_positive_rate,train_loss
1,0.9675536960307858,0.8881469944993041,0.0027821705882170897,
