round,accuracy,detection_rate,false_positive_rate,train_loss
1,0.9586903416341561,0.9107543859649123,0.007212828352155737,
