round,accuracy,detection_rate,false_positive_rate,train_loss
1,0.9480074379261312,0.8882105263157895,0.00945903787358832,
