round,accuracy,detection_rate,false_positive_rate,train_loss
1,0.9587541473730266,0.9025297752551443,0.0030694218979698774,0.11807349452281699
2,0.9589455645896379,0.9105889448846012,0.008498888188601037,0.11378076386064068
3,0.9581981259342983,0.9115064988542622,0.009644805697176458,0.11341090728057761
4,0.9585353848397563,0.9119994822180544,0.0097130150726869,0.11333211131866253
5,0.9593010537062019,0.911613326417538,0.00873080006533654,0.11318703529494598
6,0.9579246727677106,0.9134805060267829,0.011882073213918947,0.11317633664014394
7,0.9577879461844168,0.9128777674987474,0.011431891335550032,0.11342685293968861
8,0.9582801618842746,0.912895145150819,0.010913500081670673,0.11276633720219821
9,0.9586356510008386,0.9127113659934647,0.010436034453097582,0.11362185846613787
