round,accuracy,detection_rate,false_positive_rate,train_loss
1,0.9621613738287089,0.9172456140350878,0.0058900605228676605,
