round,accuracy,detection_rate,false_positive_rate,train_loss
1,0.9702461016445079,0.8913695407250315,0.0002878107505052162,
