round,accuracy,detection_rate,false_positive_rate,train_loss
1,0.9661793299852875,0.8854214991053085,0.0036517923182382266,
