round,accuracy,detection_rate,false_positive_rate,train_loss
1,0.9702348363490529,0.8913115514613295,0.00028162127199972767,
