round,accuracy,detection_rate,false_positive_rate,train_loss
1,0.9703204525945102,0.8915435085161376,0.00025067387947228507,
