round,accuracy,detection_rate,false_positive_rate,train_loss
1,0.9548036606263901,0.8961754385964912,0.0034941037000062393,
