round,accuracy,detection_rate,false_positive_rate,train_loss
1,0.9602727239581434,0.9150350877192982,0.0075497597803706245,
