round,accuracy,detection_rate,false_positive_rate,train_loss
1,0.9702798975308725,0.8914855192524356,0.0002847160112524719,
