round,accuracy,detection_rate,false_positive_rate,train_loss
1,0.970232583289962,0.891336404002916,0.0002940002290107047,
