round,accuracy,detection_rate,false_positive_rate,train_loss
1,0.948824151383673,0.8882105263157895,0.008061396393585824,
