round,accuracy,detection_rate,false_positive_rate,train_loss
1,0.9675897449762415,0.883648684472132,0.0010522113459330484,
