round,accuracy,detection_rate,false_positive_rate,train_loss
1,0.9571225434790535,0.9141578947368421,0.012316715542521995,
