round,accuracy,detection_rate,false_positive_rate,train_loss
1,0.9425092062566085,0.8743157894736842,0.00898483808573033,
