round,accuracy,detection_rate,false_positive_rate,train_loss
1,0.9667628722898516,0.9021306912320233,0.009092343924562636,
