round,accuracy,detection_rate,false_positive_rate,train_loss
1,0.9569329492835527,0.9077719298245615,0.008098833218943034,
