round,accuracy,detection_rate,false_positive_rate,train_loss
1,0.9590841141940424,0.9117719298245615,0.007262744119298684,
