round,accuracy,detection_rate,false_positive_rate,train_loss
1,0.9411455864658913,0.8686315789473684,0.0072752230610844204,
