round,accuracy,detection_rate,false_positive_rate,train_loss
1,0.9617019725088417,0.9157719298245613,0.0056280027453671925,
