round,accuracy,detection_rate,false_positive_rate,train_loss
1,0.9702168118763251,0.8912701305586851,0.0002909054897579604,
