round,accuracy,detection_rate,false_positive_rate,train_loss
1,0.9423779793100305,0.9013782122137887,9.349329463645091e-06,0.04423204404372806
2,0.5634325297361344,0.9985967703975127,0.6188097204535908,0.06843482216831773
