round,accuracy,detection_rate,false_positive_rate,train_loss
1,0.9702461016445079,0.8913198356418583,0.0002692423149887506,
