round,accuracy,detection_rate,false_positive_rate,train_loss
1,0.9573267218434389,0.910859649122807,0.009621264116802895,
