round,accuracy,detection_rate,false_positive_rate,train_loss
1,0.9459437780289496,0.8823508771929824,0.008822611842515754,
