round,accuracy,detection_rate,false_positive_rate,train_loss
1,0.9686644541626394,0.8960003976406654,0.004190276948215728,
