round,accuracy,detection_rate,false_positive_rate,train_loss
1,0.956874612608014,0.908140350877193,0.008460722530729395,
