round,accuracy,detection_rate,false_positive_rate,train_loss
1,0.961709264593284,0.9177543859649123,0.007025644225369688,
