round,accuracy,detection_rate,false_positive_rate,train_loss
1,0.9398767637729245,0.8705087719298246,0.010781805702876396,
