round,accuracy,detection_rate,false_positive_rate,train_loss
1,0.9671661698671371,0.9021389754125522,0.008541480337574158,
