round,accuracy,detection_rate,false_positive_rate,train_loss
1,0.9703024281217824,0.8915352243356087,0.00027233705424149486,
