round,accuracy,detection_rate,false_positive_rate,train_loss
1,0.9652893716443501,0.9089154350851614,0.01365089484385493,
