round,accuracy,detection_rate,false_positive_rate,train_loss
1,0.9566193896525321,0.9058421052631579,0.007262744119298684,
