round,accuracy,detection_rate,false_positive_rate,train_loss
1,0.9628065005260893,0.8798131088872688,0.00618947850548852,
