round,accuracy,detection_rate,false_positive_rate,train_loss
1,0.9703114403581463,0.8915435085161376,0.0002630528364832621,
