round,accuracy,detection_rate,false_positive_rate,train_loss
1,0.9617227791033276,0.8797551196235668,0.0076563849112893,
