round,accuracy,detection_rate,false_positive_rate,train_loss
1,0.9703001750626914,0.8915517926966664,0.00028162127199972767,
