round,accuracy,detection_rate,false_positive_rate,train_loss
1,0.9409924526926022,0.8633508771929824,0.0037811193610781807,
