round,accuracy,detection_rate,false_positive_rate,train_loss
1,0.9703384770672381,0.8918003181125324,0.00032185288228540307,
