round,accuracy,detection_rate,false_positive_rate,train_loss
1,0.9673621860080525,0.8806332427596262,0.00023829492246130803,
