round,accuracy,detection_rate,false_positive_rate,train_loss
1,0.9403435013890109,0.7970458612234078,0.006124488981180891,
