round,accuracy,detection_rate,false_positive_rate,train_loss
1,0.969045221149015,0.8880890052356021,0.0007117900281311798,
