round,accuracy,detection_rate,false_positive_rate,train_loss
1,0.9398184270973858,0.8671228070175439,0.00847320147251513,
