round,accuracy,detection_rate,false_positive_rate,train_loss
1,0.9576986181499981,0.9093157894736842,0.007886691208585511,
