round,accuracy,detection_rate,false_positive_rate,train_loss
1,0.9400590658839829,0.8673333333333333,0.008211143695014663,
