round,accuracy,detection_rate,false_positive_rate,train_loss
1,0.9598497830604878,0.9094561403508772,0.004305234916079117,
