round,accuracy,detection_rate,false_positive_rate,train_loss
1,0.9563277062748387,0.9067719298245615,0.008423285705372185,
