round,accuracy,detection_rate,false_positive_rate,train_loss
1,0.970345236244511,0.891883159917821,0.00034351605705461286,
