round,accuracy,detection_rate,false_positive_rate,train_loss
1,0.4156587522216652,1.0,0.8078476051588207,0.011789875604937078
