round,accuracy,detection_rate,false_positive_rate,train_loss
1,0.9659022037170969,0.8888014447610842,0.005295098861445429,
