round,accuracy,detection_rate,false_positive_rate,train_loss
1,0.9661072320943761,0.8859931075617999,0.003964360982765397,
