round,accuracy,detection_rate,false_positive_rate,train_loss
1,0.9573321909067707,0.8974946341483055,0.00010926436624202788,0.1415934170235637
2,0.959884420461589,0.9042709301739975,0.0005614160969754109,0.13307172059158462
3,0.9614431035111386,0.9095131758082293,0.0016222695971355953,0.13064570885383878
4,0.9618077077332555,0.9110045592496834,0.0020591166638253685,0.12931856217803084
