round,accuracy,detection_rate,false_positive_rate,train_loss
1,0.9675063817898752,0.882927960766121,0.0008974743832958354,
