round,accuracy,detection_rate,false_positive_rate,train_loss
1,0.8378026104710515,0.6162848325337279,0.004632732524800832,0.32468482134823007
2,0.9269906664722182,0.8316475694425997,0.005193389250959264,0.25859883235658876
