round,accuracy,detection_rate,false_positive_rate,train_loss
1,0.9587413862252525,0.9110877192982456,0.007362575653584576,
