round,accuracy,detection_rate,false_positive_rate,train_loss
1,0.9702776444717816,0.8914772350719067,0.0002847160112524719,
