round,accuracy,detection_rate,false_positive_rate,train_loss
1,0.9492398001968863,0.8853157894736842,0.005291071317152306,
