round,accuracy,detection_rate,false_positive_rate,train_loss
1,0.9604477339847596,0.9212456140350878,0.011667810569663692,
