round,accuracy,detection_rate,false_positive_rate,train_loss
1,0.9621576195078868,0.8679915832725826,0.002664570496612808,
