round,accuracy,detection_rate,false_positive_rate,train_loss
1,0.9564443796259161,0.9052456140350877,0.0071379547014413175,
