round,accuracy,detection_rate,false_positive_rate,train_loss
1,0.9664226603671134,0.8887848764000265,0.004574024615556016,
