round,accuracy,detection_rate,false_positive_rate,train_loss
1,0.9702123057581431,0.8912701305586851,0.00029709496826344894,
