round,accuracy,detection_rate,false_positive_rate,train_loss
1,0.9606592044335873,0.915438596491228,0.007175391526798527,
