round,accuracy,detection_rate,false_positive_rate,train_loss
1,0.9703272117717832,0.8915766452382531,0.0002537686187250293,
