round,accuracy,detection_rate,false_positive_rate,train_loss
1,0.9568891967768987,0.907157894736842,0.007736943907156673,
