round,accuracy,detection_rate,false_positive_rate,train_loss
1,0.9640208993761279,0.8806083902180396,0.004818509016522813,
