round,accuracy,detection_rate,false_positive_rate,train_loss
1,0.9581215590476537,0.911298245614035,0.008573033006801024,
