round,accuracy,detection_rate,false_positive_rate,train_loss
1,0.9519743318627629,0.8915964912280702,0.005078929306794783,
