round,accuracy,detection_rate,false_positive_rate,train_loss
1,0.9587541473730266,0.9025297752551443,0.0030694218979698774,0.11807349452281699
2,0.9589455645896379,0.9105889448846012,0.008498888188601037,0.11378076386064068
3,0.9581981259342983,0.9115064988542622,0.009644805697176458,0.11341090728057761
