round,accuracy,detection_rate,false_positive_rate,train_loss
1,0.9435446822474204,0.8744561403508772,0.00731265988644163,
