round,accuracy,detection_rate,false_positive_rate,train_loss
1,0.9703272117717832,0.8916512028630128,0.00028162127199972767,
